categorie,description,nom,code_barre,stock_min,prix_achat,prix_vente,quantite_stock
UBIQUITI,,Rocket Prism UBIQUITI 5AC Lite 5GHz,,1,0,50,3
UBIQUITI,,Rocket UBIQUITI 5AC Lite 5GHz,,1,0,50,9
UBIQUITI,,Antenne Sectorielle UBIQUITI Airmax AM-5G20-90,,1,0,50,4
UBIQUITI,,Antenne Sectorielle UBIQUITI Airmax AMO-5G13,,1,0,50,5
UBIQUITI,,Point D'acces UBIQUITI AirCube AC,,1,0,50,0
UBIQUITI,,Point D'acces UBIQUITI UK-ULTRA,,1,0,50,18
UBIQUITI,,Point D'acces UBIQUITI Lite AP 120,,1,0,50,83
UBIQUITI,,Point D'acces UBIQUITI U6 LR,,1,0,50,3
UBIQUITI,,Point D'acces UBIQUITI U6 Mesh Pro,,1,0,50,9
UBIQUITI,,Point D'acces UBIQUITI AC Mesh,,1,0,50,19
UBIQUITI,,Controleur UBIQUITI UCG-Ultra,,1,0,50,1
UBIQUITI,,Point D'acces CPE UBIQUITI LiteBeam 5AC Gen2,,1,0,50,492
UBIQUITI,,Point D'acces CPE UBIQUITI PowerBeam 420 5AC Gen2,,1,0,50,11
UBIQUITI,,Point D'acces CPE UBIQUITI PowerBeam 620 5AC,,1,0,50,1
UBIQUITI,,Point D'acces CPE UBIQUITI NanoBeam 5AC Gen2,,1,0,50,4
Outils,,Testeur de cable reseau Noyafa NF-801,,1,0,50,2
Outils,,Testeur de cable reseau Noyafa NF-308S,,1,0,50,9
Outils,,Testeur de cable reseau Noyafa NF-811,,1,0,50,48
Outils,,Testeur de cable reseau Noyafa NF-8209,,1,0,50,20
Outils,,Testeur de fibre Noyafa NF-911,,1,0,50,1
Outils,,balise connectee Apple Samsung Smart Tag,,1,0,50,8
Outils,,Balise connectee Apple airtag,,1,0,50,7
Outils,,Visual fault locator Noyafa NF-904,,1,0,50,1
Outils,,Multimetre digital Noyafa NF-625,,1,0,50,5
Outils,,Multimetre digital Uni-T UT33B+,,1,0,50,11
Outils,,Multimetre digital Uni-T UT89XD,,1,0,50,8
Outils,,Multimetre digital Uni-T Zoyi ZT102,,1,0,50,5
Outils,,Testeur de panneau solaire Elejoy EY800W,,1,0,50,15
Outils,,Chargeur de Batterie Konnwei RC-10,,1,0,50,11
Outils,,Satfinder Satlink WS-6933,,1,0,50,3
Outils,,Satfinder Satlink GT-Media V8 Pro,,1,0,50,0
Outils,,Detecteur de camera cache Noyafa JMS110,,1,0,50,4
Outils,,Telemetre laser Mileseey DT20,,1,0,50,3
Outils,,Telemetre laser Mestek S6,,1,0,50,17
Outils,,Telemetre laser Noyafa NF-271,,1,0,50,10
Outils,,Satfinder GT-Media V8 2,,1,0,50,2
Outils,,Appareil etiquetteuse Dymo 160,,1,0,50,7
Outils,,Ruban Cassette Dymo D1 ,,1,0,50,435
Outils,,Compeur d'energie - Wattmetre,,1,0,50,9
Outils,,Telecommande connectee wifi,,1,0,50,2
Outils,,Pise connectee wifi,,1,0,50,27
Outils,,Prise programmable,,1,0,50,24
Outils,,Protecteur Ubiquiti ETH-SPG2,,1,0,50,3
Outils,,Protecteur de tension BY-2288,,1,0,50,1
Outils,,Sonette sans fil doorbel 1RX-1TX,,1,0,50,47
Outils,,Sonette sans fil doorbel 2RX-1TX,,1,0,50,13
Outils,,Protecteur de tension multifonction Taxnele TVPS1-16C,,1,0,50,9
Outils,,Multiprise protecteur de tension ARYA 4ports,,1,0,50,6
TP-Link,,Switch TP-Link TL-SG1005D,,1,0,50,22
TP-Link,,Switch TP-Link TL-CF1008D,,1,0,50,1
TP-Link,,Switch TP-Link TL-CF1005D,,1,0,50,39
TP-Link,,Switch TP-Link TL-SG108,,1,0,50,56
TP-Link,,Switch POE TP-Link TL-SG1008MP,,1,0,50,9
TP-Link,,Switch TP-Link TL-SF1008D,,1,0,50,9
TP-Link,,Switch TP-Link TL-LS105G,,1,0,50,0
TP-Link,,Switch POE TP-Link TL-SG1005P,,1,0,50,6
TP-Link,,Switch TP-Link TL-LS1005G,,1,0,50,49
TP-Link,,Switch TP-Link TL-LS1005G,,1,0,50,0
TP-Link,,Switch TP-Link TL-SG1016D,,1,0,50,21
TP-Link,,Switch TP-Link TL-SF1024D,,1,0,50,4
TP-Link,,Switch TP-Link TL-SG1024D,,1,0,50,22
TP-Link,,Switch Routeur/VPN TP-Link TL-MR6400,,1,0,50,0
TP-Link,,Switch VPN/Routeur ER7212PC,,1,0,50,2
TP-Link,,Switch VPN/Routeur ER605,,1,0,50,23
TP-Link,,Switch VPN/Routeur TL-R470T+,,1,0,50,10
TP-Link,,Convertisseur SFP RJ45 TP-Link MCL220,,1,0,50,0
TP-Link,,Adaptateur PCI TP-Link TG-3468 ,,1,0,50,5
TP-Link,,Adaptateur WI-FI TP-Link T9UH,,1,0,50,4
TP-Link,,Point d'acces TP-Link CPE510 Outdoor,,1,0,50,34
TP-Link,,Point d'acces TP-Link CPE220,,1,0,50,3
TP-Link,,Point d'acces TP-Link EAP225 Outdoor,,1,0,50,31
TP-Link,,Point d'acces TP-Link EAP110 Indoor,,1,0,50,14
TP-Link,,Point d'acces TP-Link EAP110 Outdoor,,1,0,50,28
TP-Link,,Point d'acces TP-Link CPE220,,1,0,50,0
TP-Link,,Point d'acces TP-Link CPE710,,1,0,50,19
TP-Link,,RepeteurTP-Link RE305,,1,0,50,9
TP-Link,,Repeteur TP-Link RE200,,1,0,50,23
TP-Link,,Repeteur TP-Link TL-WA850RE,,1,0,50,22
TP-Link,,Repeteur TL-WPA7517KIT,,1,0,50,2
TP-Link,,Repeteur TP-Link RE450,,1,0,50,19
TP-Link,,Repeteur TP-Link RE500X,,1,0,50,8
TP-Link,,Repeteur TP-Link TL-WPA7517 KIT,,1,0,50,6
TP-Link,,Repeteur TP-Link RE605X,,1,0,50,1
TP-Link,,Repeteur Mercusys ME30,,1,0,50,13
TP-Link,,Routeur Mercusys AC12G,,1,0,50,4
TP-Link,,Routeur D-Link DIR825M,,1,0,50,17
TP-Link,,Routeur TP-Link WR844N,,1,0,50,1
TP-Link,,Routeur TP-Link WR840N,,1,0,50,50
TP-Link,,Routeur TP-Link Archer C50,,1,0,50,26
TP-Link,,Routeur TP-Link Archer C64,,1,0,50,98
TP-Link,,Routeur TP-Link Archer AX10,,1,0,50,5
TP-Link,,Routeur TP-Link Archer AX55,,1,0,50,19
TP-Link,,Routeur TP-Link Archer C6,,1,0,50,6
TP-Link,,Routeur 4G Portable Tenda 4G180,,1,0,50,10
TP-Link,,Routeur 4G TP-Link MR 6400,,1,0,50,1
TP-Link,,Routeur 4G D-Link DWR-922,,1,0,50,8
TP-Link,,Routeur 4G Portable D-Link DWR-930M,,1,0,50,7
TP-Link,,Routeur 4G Portable OLAX MT30,,1,0,50,15
TP-Link,,Stabilisateur de tension Solstar 1000VA ,,1,0,50,29
Regulateur ,,Stabilisateur de tension Binatone 1000VA ,,1,0,50,52
Regulateur ,,Stabilisateur de tension Kysun 2000VA ,,1,0,50,3
Regulateur ,,Stabilisateur de tension Roch 1000VA ,,1,0,50,26
Regulateur ,,Stabilisateur de tension Roch 5000VA ,,1,0,50,0
Regulateur ,,Stabilisateur de tension Kysun 500VA ,,1,0,50,6
Regulateur ,,Stabilisateur de tension Kysun 1000VA ,,1,0,50,0
Regulateur ,,Stabilisateur de tension Sako 1000VA ,,1,0,50,1
Regulateur ,,Stabilisateur de tension Kysun 2000VA ,,1,0,50,0
Regulateur ,,Stabilisateur de tension Kysun 3000VA ,,1,0,50,0
Regulateur ,,Stabilisateur de tension Kysun 5000VA ,,1,0,50,0
Regulateur ,,Stabilisateur de tension Boreal 1000VA ,,1,0,50,6
Regulateur ,,Stabilisateur de tension Boreal 1500VA ,,1,0,50,0
Regulateur ,,Stabilisateur de tension Boreal 2000VA ,,1,0,50,0
Support,,Stabilisateur DJI Osmo Mobile 7P,,1,0,50,1
Support,,Stabilisateur DJI Osmo Mobile 7,,1,0,50,2
Support,,Stabilisateur DJI Osmo Mobile SE,,1,0,50,0
Support,,Stabilisateur DJI Osmo Mobile 6,,1,0,50,4
Support,,Stabilisateur DJI RS4 Mini Combo,,1,0,50,0
Support,,Camera stabilise DJI Pocket 3 Combo,,1,0,50,0
Support,,Support Multifonction 10 en 1,,1,0,50,6
Support,,Kit de Vlogging Plokama PK-771,,1,0,50,6
Support,,Kit de Vlogging Plokama PK-778,,1,0,50,1
Support,,Trepied Camera Yunteng VCT-880,,1,0,50,0
Support,,Ring Light 18'' 45cm,,1,0,50,0
Support,,Ring Light 14'' 36cm,,1,0,50,20
HDMI ,,Cable HDMI 4K 3M,,1,0,50,3
HDMI ,,Cable HDMI 4K 5M,,1,0,50,4
HDMI ,,Cable HDMI 4K 10M,,1,0,50,0
HDMI ,,Cable HDMI 4K 15M,,1,0,50,8
HDMI ,,Cable HDMI 4K 20M,,1,0,50,2
HDMI ,,Cable HDMI 4K 25M,,1,0,50,0
HDMI ,,Cable HDMI 4K 30M,,1,0,50,0
HDMI ,,Splitter HDMI 1X2,,1,0,50,1
HDMI ,,Splitter HDMI 1X4,,1,0,50,13
HDMI ,,Splitter HDMI 1X8,,1,0,50,2
HDMI ,,Splitter HDMI 1X12,,1,0,50,2
HDMI ,,Splitter HDMI 1X16,,1,0,50,5
HDMI ,,Switch HDMI 2X1,,1,0,50,0
HDMI ,,Switch HDMI 3X1,,1,0,50,29
HDMI ,,Switch HDMI 5X1,,1,0,50,7
HDMI ,,Switch HDMI 8X1,,1,0,50,2
HDMI ,,Switch Imprimante USB Sharing 1X2,,1,0,50,2
HDMI ,,Switch Imprimante USB Sharing 1X4,,1,0,50,0
HDMI ,,Extender HDMI sans fil 50M,,1,0,50,40
HDMI ,,Extender HDMI sans fil Type-C 30M,,1,0,50,7
HDMI ,,Extender HDMI sans fil KVM 200M,,1,0,50,10
HDMI ,,Extender HDMI RJ45 Mini 30M,,1,0,50,1
HDMI ,,Extender HDMI RJ45 Mini 50M,,1,0,50,25
HDMI ,,Extender HDMI RJ45 50M,,1,0,50,1
HDMI ,,Extender HDMI RJ45 KVM 50M,,1,0,50,40
HDMI ,,Extender HDMI RJ45 KVM IP 200M,,1,0,50,10
HDMI ,,Switch/Splitter HDMI 2X4,,1,0,50,2
HDMI ,,Splitter VGA 1X4,,1,0,50,3
HDMI ,,Splitter VGA 1X2,,1,0,50,2
HDMI ,,Extender VGA 100M,,1,0,50,10
Souris/Clavier ,,Souris rechargeable 12500,,1,0,50,4
Souris/Clavier ,,Souris rechargeable Zelotes F36,,1,0,50,10
Souris/Clavier ,,Souris rechargeable MikeSPN W13 E-Sport,,1,0,50,6
Souris/Clavier ,,Souris rechargeable Jomaa Trackball,,1,0,50,10
Souris/Clavier ,,Souris rechargeable Jomaa MKE604,,1,0,50,10
Souris/Clavier ,,Souris rechargeable Phylina M10,,1,0,50,10
Souris/Clavier ,,Souris filaire Verticale,,1,0,50,32
Souris/Clavier ,,Souris a pile Lenovo 300,,1,0,50,4
Souris/Clavier ,,Souris a pile Logitech G304,,1,0,50,0
Souris/Clavier ,,Souris filaire Logitech G402,,1,0,50,0
Souris/Clavier ,,Souris a pile T-Wolf X9,,1,0,50,13
Souris/Clavier ,,Souris a pile Logitech M220,,1,0,50,3
Souris/Clavier ,,Souris rechargeable Jomma,,1,0,50,0
Souris/Clavier ,,Souris rechargeable Philips ,,1,0,50,0
Souris/Clavier ,,Souris a pile Philips ,,1,0,50,21
Souris/Clavier ,,Souris Generique,,1,0,50,163
Souris/Clavier ,,Souris verticale a pile ,,1,0,50,9
Souris/Clavier ,,Souris rechargeable RGB mouse plat,,1,0,50,19
Souris/Clavier ,,Souris filaire HP M180,,1,0,50,0
Souris/Clavier ,,Souris rechargeable verticale grand,,1,0,50,10
Souris/Clavier ,,Souris rechargeable verticale court,,1,0,50,29
Souris/Clavier ,,Souris rechargeable verticale long,,1,0,50,27
Souris/Clavier ,,Souris rechargeable T-Wolf Q13,,1,0,50,21
Souris/Clavier ,,Souris rechargeable Game X801,,1,0,50,3
Souris/Clavier ,, Souris filaire HP M160,,1,0,50,2
Souris/Clavier ,,Souris filaire Philips G314,,1,0,50,0
Souris/Clavier ,,Clavier Rechargeable Jomaa ZX-K22 blanc,,1,0,50,7
Souris/Clavier ,,Clavier/Souris Combo Rechargeable noir,,1,0,50,0
Souris/Clavier ,,Clavier Gaming Rechargeable Leaven H96 RGB,,1,0,50,2
Souris/Clavier ,,Clavier/Souris Combo a pile Logitech MK275,,1,0,50,12
Souris/Clavier ,,Clavier/Souris Combo a pile HP CS10,,1,0,50,10
Souris/Clavier ,,Clavier/Souris HP combo generique H-518,,1,0,50,1
Souris/Clavier ,,Clavier/Souris Gaming Combo 4 EN 1,,1,0,50,1
Souris/Clavier ,,Protege clavier,,1,0,50,20
Souris/Clavier ,, Souris a pile Logitech G304 ,,1,0,50,8
Souris/Clavier ,,Clavier/Souris Combo HP  Generique,,1,0,50,2
Souris/Clavier ,,Clavier + Pave tactile sans fil BT/USB,,1,0,50,3
Souris/Clavier ,, Souris filaire HP X500,,1,0,50,54
Souris/Clavier ,, Souris filaire Lenovo M90,,1,0,50,29
Souris/Clavier ,,Clavier/Souris Gamer Combo filaire J-8,,1,0,50,2
Smart watch,,Montre Xiaomi smart band 9 active,,1,0,50,8
Smart watch,,Montre Samsung Galaxy Fit3,,1,0,50,3
Smart watch,,Montre Huawei Fit3,,1,0,50,3
Smart watch,,Montre Amazfit Pop 3S,,1,0,50,4
Smart watch,,Montre amazfit Pop 3R,,1,0,50,1
Smart watch,,Montre Xiaomi Smart band 9 Pro,,1,0,50,3
Smart watch,,Montre Xiaomi Watch 5 Lite,,1,0,50,0
Smart watch,,Montre Mibro Lite 3 Pro,,1,0,50,0
Point d'acces,,Point d'acces Ruijie-Reyee RG-RAP2266,,1,0,50,0
Point d'acces,,Point d'acces Ruijie-Reyee RG-RAP52-OD,,1,0,50,31
Point d'acces,,Point d'acces Ruijie-Reyee RG-RAP62-OD,,1,0,50,34
Point d'acces,,Point d'acces Ruijie-Reyee RG-RAP72Pro-OD,,1,0,50,10
Point d'acces,,Point d'acces Ruijie-Reyee RG-AirMetro460G,,1,0,50,6
Point d'acces,,Point d'acces Ruijie-Reyee RG-RAP6202G,,1,0,50,41
Point d'acces,,Point d'acces Ruijie-Reyee RG-RAP6262G,,1,0,50,31
Multimedia,,Video Projecteur Epson CO-W01,,1,0,50,7
Multimedia,,Video Projecteur Epson EB-01,,1,0,50,3
Multimedia,,Video Projecteur Benq MX-560,,1,0,50,7
Multimedia,,Video Projecteur Philips Neopix 110,,1,0,50,2
Multimedia,,Ecran d'extension portable V2COM S6 15.6'',,1,0,50,3
Multimedia,,Ecran d'extension portable V2COM N3 Pro 16'',,1,0,50,6
Multimedia,,Ecran d'extension portable V2COM M4 15.6'',,1,0,50,3
Multimedia,,Ecran d'extension portable V2COM S2 14'',,1,0,50,0
Multimedia,,Ecran d'extension portable V2COM P4 15.6'',,1,0,50,3
Multimedia,,Station d'accueil HP USB-C G5,,1,0,50,0
Mixeur,,Mixeur Binatone 1.5L  BLG-620,,1,0,50,0
Mixeur,,Mixeur Binatone 1.5L BLG-402C MK2,,1,0,50,9
Mixeur,,Mixeur Binatone 1.5L BLG-452,,1,0,50,10
Mixeur,,Mixeur Binatone 1.5L BLS-360,,1,0,50,1
Mixeur,,Mixeur Binatone 1.5L BLG-410,,1,0,50,0
Mixeur,,Mixeur Binatone 1.5L BLG-450P MK2,,1,0,50,12
Mixeur,,Mixeur Binatone 1.5L BLG-452,,1,0,50,10
Mixeur,,Mixeur Binatone 1.5L BLG-555 MK3,,1,0,50,7
Mixeur,,Mixeur Binatone 1.5L BLG-620,,1,0,50,5
Mixeur,,Mixeur Dekakila 2L KEJB031R,,1,0,50,3
Mixeur,,Mixeur Plongeant Dekalila KEJB065G,6941556280048,1,0,50,11
Mixeur,,Mixeur Decalika 4 en 1 KEJB038W,6941556272234,1,0,50,9
Mixeur,,Melangeur Electrique Dekakila KEMX009M,6941556285616,1,0,50,9
Mixeur,,Mixeur plongeant Rechargeable Dekalila KMJB037L,6941556273392,1,0,50,1
Mixeur,,Melangeur Manuel Sokany SK-KF-6871,,1,0,50,1
Mixeur,,Melangeur Manuel avec bole Sokany SK-6631,6974824281522,1,0,50,4
Mixeur,,Robot petrin Dekakila 10L KEMX017R,,1,0,50,3
Mixeur,,Robot petrin Dekakila 5L KEMX003B,,1,0,50,12
Mixeur,,Hachoir eletrique binatone BMC-250,,1,0,50,1
Mixeur,,Melangeur electrique Dekakila KEMX012B,,1,0,50,7
Mixeur,,Hachoir eletrique Dekakila 2L KEMG011B ,6941556274436,1,0,50,1
Mixeur,,Mixeur  Syinix 3 en 1 BLNPPK-303,,1,0,50,35
Mixeur,,Balance de cuisine generique,,1,0,50,12
Mixeur,,Hachoir eletrique Syinix  6L Smallow Maker Eco ,,1,0,50,4
Mixeur,,Rape a tambour manuel 3en1 Dekakila KMTT086W,,1,0,50,4
Mixeur,,Presse agrume electrique Dekakila KEJC001W,,1,0,50,1
Mixeur,,Cake turnable 28cm,,1,0,50,5
Mixeur,,Cake turnable 32cm,,1,0,50,1
Mixeur,,Cake mould,,1,0,50,2
Mixeur,,3 PCS SHAPE CAKE MOULD,,1,0,50,4
Mixeur,,Grille de cuisson Decakila KEEC002B,,1,0,50,2
Mixeur,,Centrifigeuse electrique Dekakila 0.8L KEJC010B,,1,0,50,4
Mixeur,,Centrifigeuse electrique Boreal 0.5L BJC-501,,1,0,50,1
Mixeur,,Moulin electrique Jubake DH5001,,1,0,50,10
Mixeur,,Moulin electrique Grinder W8801,,1,0,50,3
Mixeur,,Moulin electrique Nima NM-8300 ,,1,0,50,7
Mixeur,,Melangeur Electrique Hasmax HM-514,,1,0,50,4
Mixeur,,Melangeur Electrique Hasmax HM-524,,1,0,50,7
Mixeur,,Couteaux electrique Dekakila KETT006W,,1,0,50,2
Mixeur,,Ascenssoire electrique,,1,0,50,10
Mixeur,,Machine a foutou 6L,,1,0,50,4
Mixeur,,Coupe frite manuel,,1,0,50,2
Mixeur,,Hachoir a viande eletrique Dekakila 300W KEMG019W,,1,0,50,1
Mixeur,,Hachoir a viande eletrique Dekakila 600W KEMG021B,,1,0,50,5
Mixeur,,Mixeur Sokany 4 en 1 SK-1718-4,,1,0,50,1
Mixeur,,Mixeur plongeant Dekalila KEJB016W,,1,0,50,1
MIKROTIK,,Routeur MikroTik Chateau AX Pro,,1,0,50,4
MIKROTIK,,Routeur MikroTik Hap AX3,,1,0,50,4
MIKROTIK,,Routeur MikroTik Hap AC3,,1,0,50,5
MIKROTIK,,Routeur MikroTik Hap AX Lite,,1,0,50,47
MIKROTIK,,Routeur MikroTik Hap AX2 ,,1,0,50,53
MIKROTIK,,Routeur MikroTik Hap Lite RB941,,1,0,50,0
MIKROTIK,,Routeur MikroTik RB951,,1,0,50,0
MIKROTIK,,Routeur MikroTik RB4011iGS+RM,,1,0,50,3
MIKROTIK,,Routeur MikroTik RB4011iGS+5HacQ2HnD-IN,,1,0,50,4
MIKROTIK,,Routeur MikroTik L009UiGS,,1,0,50,32
MIKROTIK,,Routeur MikroTik Hex S RB760iGS,,1,0,50,0
MIKROTIK,,Routeur MikroTik CCR2116-12G-4S+,,1,0,50,0
MIKROTIK,,Routeur MikroTik CCR2004-16G-2S+,,1,0,50,5
MIKROTIK,,Routeur MikroTik CPE SXTSQ Lite ,,1,0,50,38
MIKROTIK,,Routeur MikroTik CPE SXTSQ AC,,1,0,50,4
MIKROTIK,,Routeur MikroTik CPE MantBox AX 15S,,1,0,50,0
MIKROTIK,,Routeur MikroTik CPE RBLHGG-5ACD-XL,,1,0,50,6
Microphone ,,Micro cravate Hollyland Lark M2S,,1,0,50,4
Microphone ,,Micro cravate Hollyland Lark M2,,1,0,50,4
Microphone ,,Micro cravate Hollyland Lark Max,,1,0,50,5
Microphone ,,Micro cravate Hollyland Lark Max 2,,1,0,50,5
Microphone ,,Micro cravate DJI Mic 3,,1,0,50,3
Microphone ,,Micro cravate DJI Mic 2,,1,0,50,6
Microphone ,,Micro cravate DJI Mic Mini,,1,0,50,7
Microphone ,,Micro cravate Rode 3,,1,0,50,5
Microphone ,,Micro cravate Maono Wave T5,,1,0,50,0
Microphone ,,Micro cravate Maono Type-C,,1,0,50,3
Microphone ,,Micro cravate Maono Type iPhone,,1,0,50,4
Microphone ,,Micro cravate Maono WM821,,1,0,50,6
Microphone ,,Microphone Maono PD100X  ,,1,0,50,8
Microphone ,,Microphone Maono DM30 RGB ,,1,0,50,16
Microphone ,,Microphone Maono PM450S,,1,0,50,2
Microphone ,,Microphone Maono PD200X,,1,0,50,3
Microphone ,,Microphone Maono PM461TR,,1,0,50,7
Microphone ,,Microphone Maono PD200XS,,1,0,50,0
Microphone ,,Microphone Maono PD400X,,1,0,50,0
Microphone ,,Console Podcast Maono AME2 Gen2,,1,0,50,1
Microphone ,,Carte son Maono PS22,,1,0,50,8
Microphone ,,Microphone Hoco L17,,1,0,50,13
Microphone ,,Kit d'enregistrement Studio Presonus Audiobox 96K,,1,0,50,1
Microphone ,,Microphone filaire JBL DM-100A,,1,0,50,2
Microphone ,,Microphone Lavalier Boya BY-M1,,1,0,50,0
Microphone ,,Micro cravate 7Ryms Rimo S1 LN,,1,0,50,1
Microphone ,,Micro cravate 7Ryms Rimo S1 UC,,1,0,50,5
Microphone ,,Micro cravate 7Ryms iRay DW10,,1,0,50,0
Microphone ,,Transmetteur audio No delay 2.4Ghz,,1,0,50,6
Microphone ,,Système de transmission sans filguitare Newbee WJ21,,1,0,50,5
Microphone ,,Transmetteur audio Multifonction 3 en 1 ,,1,0,50,7
Microphone ,,Micro Camera Boya BY-MM1,,1,0,50,6
Microphone ,,Micro cravate Boyalink,,1,0,50,2
Microphone ,,Micro Candc + Bras,,1,0,50,4
Microphone ,,Microphone Jmary MC-PW10,,1,0,50,5
Microphone ,,Microphone Lococo LH01,,1,0,50,0
Microphone ,,Microphone Shure SM58,,1,0,50,5
Microphone ,,Microphone Behringer VideoMic X1,,1,0,50,5
Microphone ,,Mixeur audio Behringer Xenyx QX603 MP3,,1,0,50,5
Microphone ,,Microphone Behringer C1,,1,0,50,11
Microphone ,,Microphone Behringer B1 Dark Edition,,1,0,50,5
Microphone ,,Microphone Rode NT1 5th Gen,,1,0,50,3
Microphone ,,Microphone Rode NT USB+,,1,0,50,1
Microphone ,,Microphone Rode PodMic,,1,0,50,2
Microphone ,,Microphone filaire Shure,,1,0,50,1
Microphone ,,Drum machine Alesis SR-18,,1,0,50,3
Microphone ,,Microphone Weisre DM-3308A,,1,0,50,4
Microphone ,,Microphone de conference Sennheiser E66,,1,0,50,3
Microphone ,,Enregistreur Vocal Zoom H1,,1,0,50,0
Microphone ,,Enregistreur Vocal Zoom H6,,1,0,50,1
Microphone ,,Carte son Behringer U-Phoria UMC202HD,,1,0,50,7
Microphone ,,Carte son Behringer U-Phoria UMC204HD,,1,0,50,0
Microphone ,,Carte son Behringer U-Phoria UMC404HD,,1,0,50,0
Microphone ,,Live sound card,,1,0,50,1
Microphone ,,Carte son M-Audio M-Track Duo,,1,0,50,5
Microphone ,,Carte son Presonus AudioBox 96K ,,1,0,50,3
Microphone ,,Kit d'enregistrement Studio Behringer U-Phoria Studio pro,,1,0,50,10
Microphone ,,Kit d'enregistrement Studio Behringer U-Phoria Studio ,,1,0,50,10
Microphone ,,Carte son Presonus Biner MD44,,1,0,50,0
Cuisine,,Machine a cafe capsule 4 en 1 Sonifer SF-3585,,1,0,50,1
Cuisine,,Machine a caffe  Decakila KECF009B,,1,0,50,5
Cuisine,,Machine a caffe Capsule Decakila  KECF013W,,1,0,50,1
Cuisine,,Machine a caffe 1 Cup Decakila  KECF002B,,1,0,50,2
Cuisine,,Machine a caffe 10 Cup Decakila  KECF001B,,1,0,50,1
Cuisine,,Chauffe eau electrique 1.5L Decakila  KEKT031M ,,1,0,50,12
Cuisine,,Friteuse electrique 8L Decakila  KEEC040B,,1,0,50,0
Cuisine,,"Friteuse electrique 4,5L Decakila KEEC039B",,1,0,50,1
Cuisine,,Friteuse electrique 5L Decakila  KEEC45B,,1,0,50,0
Cuisine,,Foyer a gaz 3 bruleurs Decakila  KMGS009BDI,,1,0,50,1
Cuisine,,Foyer a gaz 4 bruleurs Decakila KMGS010B,,1,0,50,3
Cuisine,,Foyer a gaz 5 bruleurs avec etagere Dekakila KMGS019B,,1,0,50,4
Cuisine,,Plaque chauffante 1 foyer Decakila KECC001B,,1,0,50,3
Cuisine,,Plaque chauffante 2 foyer Decakila KECC005B,,1,0,50,6
Cuisine,,Plaque chauffante spirale  2 foyer Decakila KECC002B,,1,0,50,3
Cuisine,,Cuisseur a riz 1L Decakila KEEC014W,,1,0,50,2
Cuisine,,Cuisseur a riz 2.8L Decakila KEER035W,,1,0,50,1
Cuisine,,Yaoutiere Decakila KEYM001W,,1,0,50,1
Cuisine,,Four electrique 38L Decakila KEEV010B,,1,0,50,0
Cuisine,,Lisseur cheveux 30W Decakila KEHS014W  ,,1,0,50,7
Cuisine,,Machine a pop corne mini KETT018R,,1,0,50,1
Cuisine,,Machine a barbe a papa 400W KETT018R,,1,0,50,1
Cuisine,,Scelleuse sous vide Decakila KETT039W,,1,0,50,13
Cuisine,,Lisseur cheveux 30W Decakila KEHS015W,,1,0,50,3
Cuisine,,Foyer a gaz 1 bruleur Decakila KMGS007B,,1,0,50,3
Cuisine,,Mini Machine coudre Decakila KMTT035W,,1,0,50,3
Cuisine,,Ventilateur Rechargeable Binatone RCFM-1875,,1,0,50,1
Cuisine,,Cuisseur a Pression electrique Decakila KEER015N,,1,0,50,2
Cuisine,,Mini Machine coudre Decakila KUTT030L,,1,0,50,2
Cuisine,,Machine a petit dejeuner 3 en 1 Decakila KEEV003R,,1,0,50,3
Cuisine,,Micro onde 25L Decakila KEMEC009W,,1,0,50,1
Cuisine,,Micro onde 20L Decakila KEMC003W,,1,0,50,0
Cuisine,,Micro onde 23L Decakila KEMC003W,,1,0,50,0
Cuisine,,"Machine a caffe 0,75L Decakila KECF003B",,1,0,50,0
Cuisine,,Cuisseur a riz 2.2L Decakila KEER024W,,1,0,50,1
Cuisine,,Cuisseur a riz 1.5L Decakila KEER007W,,1,0,50,1
Cuisine,,Cuisseur a riz 1.8L Decakila KEER008W,,1,0,50,1
Cuisine,,Micro onde numerique 30L Decakila KEMC005W,,1,0,50,0
Cuisine,,Seche cheveux 2200W Decakila  KEHS011W,,1,0,50,1
Cuisine,,Seche cheveux 2200W Decakila  KEHS010W,,1,0,50,10
Cuisine,,Fer a repasser 1200W Decakila KEEN002R,,1,0,50,10
Cuisine,,Gauffrier 1200W Decakila KEEC016W,,1,0,50,3
Cuisine,,Enssemble de casserole + Louches 11Pcs Decakila KMEP006B,,1,0,50,1
Cuisine,,Enssemble de casserole 7Pcs Decakila KMEP004B,,1,0,50,5
Cuisine,,Mousseur a lait Decakila Portable KMCF035B,,1,0,50,0
Cuisine,,Plaque chauffante 2 foyers Decakila KECC05B,,1,0,50,0
Cuisine,,Plaque chauffante Spirale 2 foyers Decakila KECC02B,,1,0,50,0
Cuisine,,Fer a repasser 2400W Binatone SI-2225  ,,1,0,50,1
Cuisine,,Fer a repasser 1400W Decakila  KEEN019V,,1,0,50,0
Cuisine,,Fer a repasser 1400W Decakila  KEEN019V,,1,0,50,0
Cuisine,,Kit de thermos en verre rose 6pcs,,1,0,50,3
Cuisine,,Extracteur de jus Boreal BJCB-1950SB,,1,0,50,1
Cuisine,,Extracteur de jus Boreal BJCB-2000S,,1,0,50,1
Cuisine,,Extracteur de jus Decakila KEJB005W,,1,0,50,1
Cuisine,,Ouvre boite Decakila KMTT067B ,,1,0,50,0
Cuisine,,Fritteuse a huile electrique Dekakila KEEC056M,,1,0,50,1
Cuisine,,Sandwich maker HE-029,,1,0,50,2
Cuisine,,Machine a caffe Moka Decakila KMCF023M,,1,0,50,3
Cuisine,,Mijoteuse electrique Decakila 3.5L Decakila KEEC024M,,1,0,50,2
Cuisine,,Machine a pizza Decakila KEEC014W,,1,0,50,3
Cuisine,,Cuisseur a Oeuf Decakila KEEG003W,,1,0,50,1
Cuisine,,Fer a repasser 2200W Decakila  KEEN001W,,1,0,50,0
Cuisine,,Nettoyeur a vapeur Decakila KEEN004P,,1,0,50,1
Cuisine,,Ventilateur Decakila 3 en 1 KEFC029B,,1,0,50,1
Cuisine,,Auto cuisseur  Decakila KMER019M,,1,0,50,2
Cuisine,,Micro onde 20L Decakila KEMC007W,,1,0,50,5
Cuisine,,Micro onde numerique 20L Sharp R-20MR,,1,0,50,5
Cuisine,,Micro onde 20L Sharp R-20CR,,1,0,50,17
Cuisine,,Micro onde 20L Sharp R-20GH,,1,0,50,0
Cuisine,,Micro onde 43L Sharp R-45BT ST,,1,0,50,9
Cuisine,,Micro onde 36L Boreal MMW-036TSS,,1,0,50,2
Cuisine,,"Machine a caffe 0,75L Roch RCM-101",,1,0,50,1
Cuisine,,Machine a caffe 2 en 1 Dessini DS-5310,,1,0,50,1
Cuisine,,Machine a panini 2000W Decakila KEECO79M,,1,0,50,4
Cuisine,,Balance de cuisines KC-P03,,1,0,50,2
Cuisine,,Balance de cuisine Decakila KMTT012B,,1,0,50,1
Cuisine,,Machine a pop corne Decakila KETT009R,,1,0,50,3
Cuisine,,Machine a pop corne Decakila KETT010B,,1,0,50,1
Cuisine,,Plaque de cuisson Infrarouge Silvers Crest SC-Y9000Y,,1,0,50,9
Cuisine,,Machine a caffe 3 en 1  Boreal BCM-C04-Multi,,1,0,50,4
Cuisine,,Machine a sceller 200mm,,1,0,50,0
Cuisine,,Machine a sceller 300mm,,1,0,50,2
Cuisine,,Machine a caffe Boreal BCM-C03-NESP,,1,0,50,1
Cuisine,,Machine a caffe Boreal BCM-G02-EXPR,,1,0,50,2
Grandstream,,Point d'acces Grandstream GWN7605LR,,1,0,50,45
Grandstream,,Point d'acces Grandstream GWN7630LR,,1,0,50,73
Grandstream,,Point d'acces Grandstream GWN7660ELR,,1,0,50,42
Grandstream,,Point d'acces Grandstream GWN7664ELR,,1,0,50,74
Grandstream,,Point d'acces Grandstream GWN7670LR,,1,0,50,0
Grandstream,,Telephone IP Grandstream GRP2602P,,1,0,50,3
Cudy Tenda,,Point d'acces Cudy AP1300 Indoor,,1,0,50,0
Cudy Tenda,,Point d'acces Cudy AP1200 Outdoor,,1,0,50,0
Cudy Tenda,,Point d'acces Cudy AX3000 Outdoor,,1,0,50,10
Cudy Tenda,,"Point d'acces CPE Tenda 03 2,4G",,1,0,50,29
Cudy Tenda,,Point d'acces CPE Tenda 01 5G,,1,0,50,0
Cudy Tenda,,"Point d'acces CPE Tenda 01 2,4G",,1,0,50,1
Cudy Tenda,,Point d'acces CPE Tenda 09 5G,,1,0,50,51
Cudy Tenda,,Point d'acces CPE Tenda OS3 5G,,1,0,50,0
Cudy Tenda,,Routeur wifi Tenda TX12L Pro,,1,0,50,19
Cudy Tenda,,Routeur wifi Tenda F3,,1,0,50,20
Cudy Tenda,,Routeur wifi Tenda AC6,,1,0,50,40
Camera ,,Camera IMOU Bullet 3 5MP,,1,0,50,19
Camera ,,Camera IMOU Cruiser Triple 11MP,,1,0,50,9
Camera ,,Camera IMOU Cruiser Dual 2 6MP,,1,0,50,18
Camera ,,Camera IMOU Solaire 4G AOV Dual 10MP,,1,0,50,5
Camera ,,Camera IMOU Ranger Mini 5MP,,1,0,50,19
Camera ,,Camera IMOU Ranger 2 3MP,,1,0,50,19
Camera ,,Camera IMOU Titan Pro 6MP,,1,0,50,5
Camera ,,Camera IMOU E27 3MP,,1,0,50,3
Camera ,,Camera IMOU Ranger Dual 6MP,,1,0,50,8
Camera ,,Camera IMOU Ranger RC 3MP,,1,0,50,9
Camera ,,Camera IMOU Solaire 4G AOV PT 5MP,,1,0,50,10
Camera ,,Camera IMOU Solaire Cell 3C 3MP,,1,0,50,3
Camera ,,Camera IMOU Cruiser Z 5MP,,1,0,50,8
Camera ,,Camera IMOU Cruiser SC 5MP,,1,0,50,0
Camera ,,Camera IMOU Rex VT 5MP,,1,0,50,9
Camera ,,Camera IMOU SE+ 5MP,,1,0,50,5
Camera ,,Camera IMOU Ranger 2 1080MP,,1,0,50,20
Camera ,,Camera TENDA CP3-Pro 3MP,,1,0,50,15
Camera ,,Camera EZVIZ TY1 Pro 1080P,,1,0,50,18
Camera ,,Camera Rechargeable  EZVIZ CB2 1080P,,1,0,50,4
Camera ,,Camera Rechargeable  EZVIZ CB1 1080P,,1,0,50,4
Camera ,,Camera TAPO C320WS 4MP,,1,0,50,15
Camera ,,Camera TAPO C520WS 4MP,,1,0,50,15
Camera ,,Camera TAPO C200 1080P,,1,0,50,43
Camera ,,Camera HikVision 4CH 2MP Analogique,,1,0,50,1
Camera ,,Camera HikVision 8CH 2MP Analogique,,1,0,50,2
Camera ,,Camera DCL 8CH 2MP Analogique,,1,0,50,0
Comfast,,Point d'acces Comfast CF-EW72,,1,0,50,48
Comfast,,Point d'acces Comfast CF-EW85,,1,0,50,0
Comfast,,Point d'acces Comfast CF-EW87,,1,0,50,12
Comfast,,Point d'acces Comfast M5 CF-E312,,1,0,50,0
Comfast,,Point d'acces Comfast M2 CF-E314,,1,0,50,0
Comfast,,Point d'acces Comfast Giga M5 CF-E313,,1,0,50,0
Comfast,,Routeur wifi 4G Comfast CF-E3V3,,1,0,50,15
Comfast,,Adaptateur USB wifi Comfast CF-943F,,1,0,50,0
Comfast,,Adaptateur USB wifi Comfast CF-WU782AC,,1,0,50,9
Climatiseur,,Climatiseur TCL TAC-12CSSA/TPH11I 1/2CV,,1,0,50,0
Climatiseur,,Climatiseur Inverter Nasco NASHRN1-12 1/2CV,,1,0,50,1
Climatiseur,,Climatiseur Inverter Nasco NAS-J12N1 1/2CV,,1,0,50,3
Climatiseur,,Climatiseur Ordinaire Boreal 1CV,,1,0,50,0
Climatiseur,,Climatiseur Ordinaire Boreal 1/2CV ,,1,0,50,0
Climatiseur,,Climatiseur Ordinaire Boreal 2CV,,1,0,50,0
Climatiseur,,Climatiseur Ordinaire Boreal 3CV,,1,0,50,0
Climatiseur,,Climatiseur Inverter Boreal BWC-09AAA 1CV,,1,0,50,0
Climatiseur,,Climatiseur Inverter Boreal BCC-123AA-T3 1/2CV,,1,0,50,2
Climatiseur,,Climatiseur Inverter Boreal 2CV,,1,0,50,0
Climatiseur,,Climatiseur Inverter Boreal 3CV,,1,0,50,0
Climatiseur,,Climatiseur Ordinaire Solstar  ASU09TPI-ASS 1CV,,1,0,50,0
Climatiseur,,Climatiseur Ordinaire Solstar 1/2CV,,1,0,50,0
Climatiseur,,Climatiseur Ordinaire Solstar 2CV,,1,0,50,0
Climatiseur,,Climatiseur Ordinaire Solstar 3CV,,1,0,50,0
Climatiseur,,Climatiseur Inverter Solstar 1CV,,1,0,50,0
Climatiseur,,Climatiseur Inverter Solstar 1/2CV,,1,0,50,0
Climatiseur,,Climatiseur Hisense AS-12TR4SYETG04 1CV,,1,0,50,1
Climatiseur,,Climatiseur Inverter Solstar 2CV,,1,0,50,0
Climatiseur,,Climatiseur Inverter Solstar 3CV,,1,0,50,0
Climatiseur,,Climatiseur Ordinaire Sharp 1CV,,1,0,50,0
Climatiseur,,Climatiseur Ordinaire Sharp AU-A12ZTEP 1/2CV,,1,0,50,1
Climatiseur,,Climatiseur Ordinaire Sharp 2CV,,1,0,50,0
Climatiseur,,Climatiseur Ordinaire Sharp 3CV,,1,0,50,0
Climatiseur,,Climatiseur Inverter Sharp AU-X9ZNVP 1CV,,1,0,50,0
Climatiseur,,Climatiseur Inverter Sharp 1/2CV,,1,0,50,0
Climatiseur,,Climatiseur Inverter Sharp 2CV,,1,0,50,0
Climatiseur,,Climatiseur Inverter Sharp 3CV,,1,0,50,0
Climatiseur,,Climatiseur Ordinaire Hyundai 09C0410 1CV,,1,0,50,2
Climatiseur,,Climatiseur Ordinaire Hyundai HYNAF-12RC0410 1/2CV,,1,0,50,1
Climatiseur,,Climatiseur Ordinaire Hyundai 2CV,,1,0,50,0
Climatiseur,,Climatiseur Ordinaire Hyundai 3CV,,1,0,50,0
Climatiseur,,Climatiseur Inverter Hyundai 1CV,,1,0,50,0
Climatiseur,,Climatiseur Inverter Hyundai 1/2CV,,1,0,50,0
Climatiseur,,Climatiseur Inverter Hyundai 2CV,,1,0,50,0
Climatiseur,,Climatiseur Inverter Hyundai 3CV,,1,0,50,0
Climatiseur,,Climatiseur Ordinaire LG 1CV,,1,0,50,0
Climatiseur,,Climatiseur Ordinaire LG 1/2CV,,1,0,50,0
Climatiseur,,Climatiseur Ordinaire LG 2CV,,1,0,50,0
Climatiseur,,Climatiseur Ordinaire LG 3CV,,1,0,50,0
Climatiseur,,Climatiseur Dual Inverter LG S4UQ09WAQAL 1CV,,1,0,50,1
Climatiseur,,Climatiseur Dual Inverter LG S4UQ12JA28J 1/2CV,,1,0,50,1
Climatiseur,,Climatiseur Dual Inverter LG 2CV,,1,0,50,0
Climatiseur,,Climatiseur Dual Inverter LG 3CV,,1,0,50,0
Climatiseur,,Climatiseur Dual Inverter Antimoustique S4UQ09AA28B LG 1CV,,1,0,50,1
Climatiseur,,Climatiseur Dual Inverter Antimoustique LG 1/2CV,,1,0,50,0
Climatiseur,,Climatiseur Dual Inverter Antimoustique LG 2CV,,1,0,50,0
Climatiseur,,Climatiseur Dual Inverter Antimoustique LG 3CV,,1,0,50,0
Climatiseur,,Climatiseur Inverter Decakila KECD024W 1CV,,1,0,50,1
Climatiseur,,Climatiseur Inverter Decakila KECD025W 1/2CV,,1,0,50,2
Climatiseur,,Climatiseur Inverter Decakila 2CV,,1,0,50,0
Climatiseur,,Climatiseur Inverter Decakila 3CV,,1,0,50,0
Gadgets,,Console de jeux retro R36S ,,1,0,50,44
Gadgets,,Enceinte audio  connectee Alexa Echo Dot 5,,1,0,50,7
Gadgets,,Enceinte audio JBL Clip 5,,1,0,50,3
Gadgets,,Enceinte audio JBL Go 4,,1,0,50,3
Gadgets,,Enceinte audio JBL Flip 6,,1,0,50,11
Gadgets,,Enceinte audio JBL Charge 5,,1,0,50,4
Gadgets,,Enceinte audio JBL Charge 6,,1,0,50,5
Gadgets,,Enceinte audio Xiaomi Sound Outdoor,,1,0,50,9
Gadgets,,Casque audio bluetooth Soundcore Space Q45,,1,0,50,1
Gadgets,,Casque audio bluetooth Soundcore H30i,,1,0,50,0
Gadgets,,Casque audio bluetooth Behringer BH480NC,,1,0,50,20
Gadgets,,Casque audio bluetooth Sony WH-CH520,,1,0,50,4
Gadgets,,Casque de studio Maono MH 601,,1,0,50,6
Gadgets,,Casque gaming Hyper X cloud Stinger 2,,1,0,50,8
Gadgets,,Casque de studio Behringer HPX 6000,,1,0,50,6
Gadgets,,Casque de studio Behringer BDJ 1000,,1,0,50,10
Gadgets,,Casque de studio Behringer Omega,,1,0,50,20
Gadgets,,Adaptateur Emetteur/Recepteur Bluetooth USB,,1,0,50,11
Gadgets,,Door alarmwifi,,1,0,50,35
Gadgets,,Telephone Hyundai 3 SIM,,1,0,50,32
Gadgets,,Casque audio New Bee H362,,1,0,50,20
Gadgets,,Casque audio New Bee BH58,,1,0,50,20
Gadgets,,Casque audio New Bee H360,,1,0,50,10
Gadgets,,Casque audio Logitech H390,,1,0,50,5
Gadgets,,Casque de studio Behringer BH60,,1,0,50,0
Box Android,,Box Android Q5,,1,0,50,0
Box Android,,Box Android Z6,,1,0,50,13
Box Android,,Box Android Q8,,1,0,50,2
Box Android,,Box Android HK1,,1,0,50,40
Box Android,,Box Android GT MEDIA COMBO ,,1,0,50,4
Box Android,,Box Android Xiaomi Gen3,,1,0,50,72
Box Android,,Stick Android Xiaomi TV Gen2,,1,0,50,2
Box Android,,Stick Android XS97,,1,0,50,18
Box Android,,Telecommande Universelle G20 Pro,,1,0,50,0
Box Android,,Telecommande Universelle V-1014S,,1,0,50,0
Box Android,,Pointeur laser Logitech R400,,1,0,50,0
Box Android,,Telecommande Q5,,1,0,50,6
Tapis,,Tapis de souris XXL RGB,,1,0,50,131
Tapis,,Tapis de souris avec repose poignet,,1,0,50,116
Tapis,,Tapis de souris Logitech,,1,0,50,467
Reseaux,,Booster de signale reseau 4G,,1,0,50,5
Reseaux,,Connecteurs simple fermer,,1,0,50,107
Reseaux,,IP-COM WaveBeam 5AC,,1,0,50,31
Reseaux,,Ubiquiti NanoStation M5,,1,0,50,50
Reseaux,,Ubiquiti NanoStation M2,,1,0,50,29
Reseaux,,Point D'acces UBIQUITI U6 Pro,,1,0,50,9
Reseaux,,Routeur wifi Huawei AX2,,1,0,50,16
Reseaux,,Routeur wifi Huawei AX3,,1,0,50,9
Reseaux,,IP-COM iUAP-AC-M Outddor,,1,0,50,21
Reseaux,,Switch POE 4 Ports + 2 Uplink Kuwfi,,1,0,50,5
Reseaux,,Switch POE 8 Ports + 2 Uplink Kuwfi,,1,0,50,1
Reseaux,,Adaptateur RJ45 USB & Type-C ,,1,0,50,36
Reseaux,,Adaptateur RJ45 USB,,1,0,50,30
Reseaux,,Convertisseur Media SFP TP-Link MC220L,,1,0,50,2
Reseaux,,Convertisseur Media fibre Netlink HTB-GS,,1,0,50,26
Reseaux,,PoE Ubiquiti ++ 10G,,1,0,50,7
Reseaux,,PoE Ubiquiti 48V-0.5A,,1,0,50,50
Reseaux,,PoE Ubiquiti 24V-1A,,1,0,50,232
Adaptateur,,Cable XLR Crystal Male Femelle 5M,,1,0,50,6
Adaptateur,,Cable XLR Crystal Male Femelle 3M,,1,0,50,1
Adaptateur,,Cable XLR Maono Male Femelle 3M,,1,0,50,10
Adaptateur,,Adaptateur USB vers Type-C  ,,1,0,50,102
Reseaux,,Splitter RJ45 Gigabit 1x2,,1,0,50,35
Reseaux,,Jarettiere fibre optique SC 5M,,1,0,50,39
Reseaux,,Jarettiere fibre optique SC 3M,,1,0,50,1
Reseaux,,IP-COM Profi 6LR ,,1,0,50,4
Reseaux,,IP-COM Micro station Loco 5AC,,1,0,50,11
Solaire,,Convertisseur 1500W 24V SAKO,,1,0,50,9
Solaire,,Convertisseur 1000W 24V SAKO,,1,0,50,5
Solaire,,Regulateur Solaire MPPT 30A,,1,0,50,3
Solaire,,Regulateur Solaire Raggie RG-CH60 60A,,1,0,50,5
Solaire,,Regulateur Solaire Raggie RG-CE60 60A,,1,0,50,4
Solaire,,Regulateur Solaire Raggie RG-630LE 30A,,1,0,50,5
Solaire,,Regulateur Solaire Raggie RG-620LE 20A,,1,0,50,4
Solaire,,Regulateur Solaire Raggie RG-910LE 10A,,1,0,50,2
Solaire,,Regulateur Solaire PWM Blanc 30A,,1,0,50,2
Solaire,,Regulateur Solaire PWM Blanc 10A,,1,0,50,1
Solaire,,Regulateur Solaire Raggie RG-CE30 30A,,1,0,50,2
Solaire,,Regulateur Solaire PWM 40A,,1,0,50,1
Solaire,,Regulateur Solaire PWM 10A,,1,0,50,3
Solaire,,Regulateur Solaire PWM WCH Solar 30A,,1,0,50,6
Solaire,,Regulateur Solaire PWM Vert 10A,,1,0,50,1
Solaire,,Regulateur Solaire PWM petit 10A,,1,0,50,1
Solaire,,Regulateur Solaire Gmistar GKS Orange 20A,,1,0,50,2
Solaire,,Regulateur Solaire MPPT Fust Vert 30,,1,0,50,2
Reseaux,,Point d'acces Kuwfi AP1200F,,1,0,50,48
Reseaux,,Point d'acces Kuwfi APG3000 AX3000,,1,0,50,9
Reseaux,,Point d'acces NC-Link AP211,,1,0,50,15
Reseaux,,Point d'acces NC-Link AP2110,,1,0,50,15
Adaptateur,,Adaptateur prise,,1,0,50,1025
Support,,Support mural Pivotant 50'' +,,1,0,50,10
Support,,Support mural fix Kysun 15'' - 42'',,1,0,50,168
Reseaux,,Support microphone 14'',,1,0,50,18
Reseaux,,Cable Display to HDMI 1.8M,,1,0,50,50
Reseaux,,Cable Imprimante 3.0 Nouveau 3M,,1,0,50,4
Reseaux,,Cable Imprimante 3.0 Nouveau 1.5M,,1,0,50,4
Reseaux,,Cable Imprimante 5M,,1,0,50,90
Reseaux,,Cable Imprimante 3M,,1,0,50,68
Reseaux,,Cable Imprimante 1.5M,,1,0,50,90
Reseaux,,Cable blinde FSTP AICO ,,1,0,50,8235
Reseaux,,Cable RJ45  Preserti 10M,,1,0,50,36
Reseaux,,Cable RJ45  Preserti 5M,,1,0,50,38
Reseaux,,Cable VGA 3+6 5M,,1,0,50,48
Reseaux,,Cable VGA 3+6 1.5M,,1,0,50,37
Reseaux,,Cable VGA 3+4 1.5M,,1,0,50,10
Reseaux,,Cable VGA 3+6 5M,,1,0,50,48
Reseaux,,Cable Imprimante 10M,,1,0,50,96
Reseaux,,Coffret informatique 2U 19'',,1,0,50,2
Reseaux,,Coffret informatique 4U,,1,0,50,1
Reseaux,,Switch D-Link DSG-105GL,,1,0,50,9
Reseaux,,Switch D-Link DSG-108GL,,1,0,50,3
Outils,,Scaner de code barre 2D X-760,,1,0,50,2
Outils,,Scaner de code barre 2D GT-8500G,,1,0,50,2
Microphone ,,Microphone filaire Ahuja CTP-10DX,,1,0,50,7
Outils,,Transpo 24V - 12V,,1,0,50,4
Outils,,Lampe projecteur LED 800,,1,0,50,26
Support,,Support PC pliable,,1,0,50,78
Support,,Support sur pied microphone Tolaye NB-321,,1,0,50,9
Adaptateur,,Cable Type-C to VGA 1.8M,,1,0,50,1
Adaptateur,,Clavier Midi AKAI MPK MINI,,1,0,50,4
Adaptateur,,Clavier Midi AKAI MPK MINI Plus,,1,0,50,2
Adaptateur,,Cable RJ45  Preserti 100M,,1,0,50,1
Adaptateur,,Adaptateur Mini Display vers HDMI,,1,0,50,18
Adaptateur,,Adaptateur type-C vers audio+micro,,1,0,50,11
Adaptateur,,Adaptateur HDMI vers VGA,,1,0,50,2
Adaptateur,,Antenne TNT TVANT-TNY,,1,0,50,41
Adaptateur,,External DVD writerdriver,,1,0,50,2
Adaptateur,,Music tuner bluetooth USB,,1,0,50,3
Adaptateur,,Convertisseur audio optique,,1,0,50,14
Adaptateur,,Adaptateur type-C vers audio+charge,,1,0,50,10
Adaptateur,,Adaptateur Lightning vers HDMI+RJ45+USB,,1,0,50,3
Adaptateur,,Cable audio Aux type-C vers Jack 3.5mm,,1,0,50,8
Adaptateur,,Cable Rallongeur USB ,,1,0,50,17
Televiseur,,Televiseur Boreal Google TV  TB43-G9S 43'',,1,0,50,5
Televiseur,,Televiseur Binatone Led 32'' ,,1,0,50,1
Televiseur,,Televiseur Boreal WebOS TV TB-55W1H 55'' ,,1,0,50,1
Televiseur,,Televiseur Boreal WebOS TV TB-43W1H 43'' ,,1,0,50,0
Televiseur,,Televiseur Boreal GoogleTV TB55-G9S 4K 55'' ,,1,0,50,2
Televiseur,,Televiseur Boreal GoogleTV TB65-G9S 4K 65'' ,,1,0,50,2
Televiseur,,Televiseur Boreal WebOS TV TB-50W1H 50'',,1,0,50,4
Televiseur,,Televiseur Boreal Smart TV  TB-32JSMART 32'',,1,0,50,5
Televiseur,,Televiseur Boreal Whale TV  TB43UHD-WHALE 43'',,1,0,50,0
Televiseur,,Televiseur Boreal Smart TV TB-43J-SMART 43'' ,,1,0,50,0
Televiseur,,Televiseur Boreal WebOS TV TB-50J-UHD-SMART 50'' ,,1,0,50,0
Televiseur,,Televiseur TCL Android TV 32'' ,,1,0,50,5
Televiseur,,Televiseur TCL Google TV 43'' ,,1,0,50,4
Televiseur,,Televiseur TCL Google TV 50'' ,,1,0,50,1
Televiseur,,Televiseur TCL Google TV 55'' ,,1,0,50,10
Televiseur,,Televiseur TCL Google TV 65'' ,,1,0,50,4
Televiseur,,Televiseur LG Google TV 65'' ,,1,0,50,0
Televiseur,,Televiseur LG Led TV 32'' ,,1,0,50,7
Televiseur,,Televiseur LG WebOS TV LM63 43'',,1,0,50,2
Televiseur,,Televiseur LG WebOS TV 43UR73 4K 43'' ,,1,0,50,8
Televiseur,,Televiseur LG WebOS TV 50UR73 4K 50'' ,,1,0,50,1
Televiseur,,Televiseur LG WebOS TV 55UR73 4K 55'' ,,1,0,50,0
Televiseur,,Televiseur LG WebOS TV 70UT80 4K 70'' ,,1,0,50,1
Televiseur,,Televiseur Roch Smart TV RH-LE43DSA-B 43'' ,,1,0,50,5
Televiseur,,Televiseur Roch Google TV RH-LE43DSG-D 43'' ,,1,0,50,0
Televiseur,,Televiseur Roch Google TV RH-LE50DSG-D 50'' ,,1,0,50,4
Televiseur,,Televiseur Sharp Android TV 2T-C32EG5MX 32'',,1,0,50,9
Televiseur,,Televiseur Mona Smart Android 50'',,1,0,50,2
Televiseur,,Televiseur Mona Smart Android 55'' ,,1,0,50,2
Televiseur,,Televiseur Mona Smart Android 32'' ,,1,0,50,8
Televiseur,,Televiseur Star-X Google TV 50'' ,,1,0,50,1
Televiseur,,Televiseur Star-X Google TV 55'' ,,1,0,50,0
Televiseur,,Televiseur Star-X WebOS TV 43'',,1,0,50,3
Televiseur,,Televiseur Star-X WebOS TV 50'',,1,0,50,2
Televiseur,,Televiseur Rahma WebOS TV 43'' ,,1,0,50,0
Televiseur,,Televiseur Rahma WebOs TV 43'' ,,1,0,50,1
Televiseur,,Televiseur Rahma Led TV 43'' ,,1,0,50,0
Televiseur,,Televiseur Rahma Led TV 32'' ,,1,0,50,2
Televiseur,,Televiseur Rahma Smart Android TV 32'' ,,1,0,50,0
Televiseur,,Televiseur Syinix Google TV 50'',,1,0,50,1
Televiseur,,Televiseur Syinix Google TV 43'' ,,1,0,50,4
Televiseur,,Televiseur Syinix Smart Android TV 32'',,1,0,50,1
Televiseur,,Televiseur Star-X Led 43'',,1,0,50,1
Televiseur,,Televiseur Hasmax Smart Android TV 32'' ,,1,0,50,0
Televiseur,,Televiseur Hyundai Led TV 32'' ,,1,0,50,0
Televiseur,,Televiseur Hyundai Smart TV 50'' ,,1,0,50,1
Televiseur,,Televiseur Hyundai Smart TV 32'' ,,1,0,50,0
Televiseur,,Televiseur Solstar Led TV 32'' ,,1,0,50,1
Televiseur,,Televiseur Samsung N5000 Led TV 32'' ,,1,0,50,1
Televiseur,,Televiseur Syinix Smart  TV 32'',,1,0,50,2
Televiseur,,Televiseur Hivoix smart  TV 32'',,1,0,50,1
Televiseur,,Televiseur Syinix Led  TV 32'',,1,0,50,1
Televiseur,,Televiseur Mona Led TV 32'' ,,1,0,50,1
Televiseur,,Televiseur Samsung Smart TV Serie7 T5300 43'' ,,1,0,50,1
Televiseur,,Televiseur Samsung Smart TV Serie8 DU8000 50'' ,,1,0,50,1
Televiseur,,Televiseur Samsung Smart TV Serie7 DU7000 50'' ,,1,0,50,2
Televiseur,,Televiseur Samsung Smart TV Serie8 DU8000 55'' ,,1,0,50,3
Televiseur,,Televiseur Samsung Smart TV Serie8  DU8000 65'' ,,1,0,50,1
Televiseur,,Televiseur Samsung Led TV 32'' ,,1,0,50,1
Televiseur,,Televiseur Nasco Android TV 50'' ,,1,0,50,1
Televiseur,,Televiseur Hivoix led 43'',,1,0,50,1
Televiseur,,Televiseur Hasmax led 43'',,1,0,50,1
Adaptateur,,Convertisseur HDMI to AV,,1,0,50,6
Adaptateur,,Convertisseur AV to HDMI,,1,0,50,3
Adaptateur,,Cable optique Neew Bee YP-3,,1,0,50,12
Adaptateur,,Cable Jack male vers jack femelle audio+micro,,1,0,50,49
Gaziniere,,Gaziniere 4 foyers Mona MGC-5085,,1,0,50,19
Gaziniere,,Gaziniere 4 foyers Kysun KGC-5050,,1,0,50,5
Gaziniere,,Gaziniere 4 foyers Boreal CF-5393,,1,0,50,0
Gaziniere,,Gaziniere 4 foyers Boreal CF-5292,,1,0,50,9
Gaziniere,,Gaziniere 4 foyers Boreal CF-6600SS,,1,0,50,3
Gaziniere,,Gaziniere 4 foyers Boreal CF-6085SS,,1,0,50,2
Gaziniere,,Gaziniere 5 foyers range bouteille Boreal ML-720,,1,0,50,1
Gaziniere,,Gaziniere 5 foyers Boreal CF-9060GSS,,1,0,50,3
Gaziniere,,Gaziniere 5 foyers + Range bouteil Boreal CF-9060SS,,1,0,50,1
Gaziniere,,Gaziniere 4 foyers Rahma C500-KB,,1,0,50,4
Gaziniere,,Gaziniere 5 foyers Rahma C800-KS,,1,0,50,2
Gaziniere,,Cuisinere Roch 3 Foyers RGC-TT305-C,,1,0,50,15
Frigo,,Congelateur verical Sharp FR-495TGL-DS2,,1,0,50,23
Frigo,,Congelateur verical Sharp FR-195TGL-HS2,,1,0,50,13
Frigo,,Congelateur vertical Sharp FR-195XTGL-DS2,,1,0,50,3
Frigo,,Congelateur vertical  Roch RUF-395-J 395L,,1,0,50,3
Frigo,,Congelateur vertical  Roch RUF-295-J 395L,,1,0,50,10
Frigo,,Congelateur vertical LG GN-304SLBR 171L,,1,0,50,13
Frigo,,Congelateur vertical Boreal UFT-395RWSS 395L,,1,0,50,7
Frigo,,Congelateur vertical Boreal UFF-038RWSS,,1,0,50,1
Frigo,,Congelateur vertical Boreal UFT-245 BRWSS,,1,0,50,1
Frigo,,Congelateur vertical Hyundai HYNF-250UF 250L,,1,0,50,2
Frigo,,Congelateur vertical Hyundai HYNF-FDF190AF 190L,,1,0,50,3
Frigo,,Congelateur horizontal Boreal CFF-071 710L ,,1,0,50,2
Frigo,,Congelateur horizontal Boreal CFF-035 350L,,1,0,50,1
Frigo,,Congelateur horizontal Boreal CFF-029TH 200L,,1,0,50,2
Frigo,,Congelateur horizontal Boreal CFF-025 250L,,1,0,50,1
Frigo,,Congelateur horizontal Boreal CFF-018,,1,0,50,1
Frigo,,Congelateur horizontal Boreal CFF-017THW,,1,0,50,2
Frigo,,Congelateur horizontal Kysun KCF-525AF 500L,,1,0,50,1
Frigo,,Refrigerateur Sharp SJ-DC280N-HS2 280L,,1,0,50,1
Frigo,,Refrigerateur Sharp SJ-BH270-HS2 270L,,1,0,50,3
Frigo,,Refrigerateur Sharp SJ-KE175-BS2 175L,,1,0,50,2
Frigo,,Refrigerateur Boreal Fontaine BRF-0460WDRX 460L,,1,0,50,3
Frigo,,Refrigerateur Boreal Fontaine BRF-300RWDSS 300L,,1,0,50,1
Frigo,,Refrigerateur Boreal BRF-028RXSS 280L,,1,0,50,3
Frigo,,Refrigerateur Boreal BRF-022RXSS 220L,,1,0,50,17
Frigo,,Refrigerateur Boreal BRF-313BRWSS 215L,,1,0,50,2
Frigo,,Refrigerateur Boreal BRF-015RXSS 150L ,,1,0,50,5
Frigo,,Refrigerateur LG GL-131SQQP 120L,,1,0,50,1
Frigo,,Refrigerateur Boreal BRF-013 130L,,1,0,50,9
Frigo,,Refrigerateur Boreal BR-012RXSS,,1,0,50,10
Frigo,,Refrigerateur Boreal Inverter BRF-300WD VCM ,,1,0,50,2
Frigo,,Refrigerateur Boreal Inverter BRF-375WD VCM ,,1,0,50,2
Frigo,,Refrigerateur Boreal Inverter BRF-275 VCM ,,1,0,50,1
Frigo,,Refrigerateur Boreal Inverter BRF-380RSS 380L,,1,0,50,1
Frigo,,Refrigerateur Boreal Inverter BRF-380WD VCM,,1,0,50,2
Frigo,,Refrigerateur Boreal Fontaine Combine BTF-033WDRX 330L,,1,0,50,1
Frigo,,Refrigerateur Boreal Fontaine Combine BTF-039WDRSSS 390L,,1,0,50,2
Frigo,,Refrigerateur Boreal Combine BTF-024RXSS 240L,,1,0,50,2
Frigo,,Refrigerateur Boreal Inverter BRF-026NFXSS 216L,,1,0,50,1
Frigo,,Refrigerateur Hyundai Combine HYNBF-300AF 300L,,1,0,50,5
Frigo,,Refrigerateur Hyundai Combine HYNF-BCD250 220L,,1,0,50,11
Frigo,,Refrigerateur Hyundai HYNF-BC120 120L,,1,0,50,2
Frigo,,Refrigerateur Hyundai  HYNF-250AF 250L,,1,0,50,0
Frigo,,Refrigerateur Hyundai HYNF-KD130 130L,,1,0,50,2
Frigo,,Refrigerateur Hyundai HYNF-KD140 140L,,1,0,50,2
Frigo,,Refrigerateur Mona MBF350-BDBSSLV-MN 350L,,1,0,50,1
Frigo,,Refrigerateur Mona MRF245-BDNINV245L,,1,0,50,1
Frigo,,Refrigerateur Mona MRF215-TDBSSLV-MN 215L,,1,0,50,1
Frigo,,Refrigerateur Roch RFR-120S-I 120L,,1,0,50,1
Frigo,,Refrigerateur Mona MRF145-TDBV-MN 145L,,1,0,50,1
Frigo,,Refrigerateur Nasco Combine NASD2-293FL ,,1,0,50,1
Frigo,,Refrigerateur Nasco Combine NASD2-203FL,,1,0,50,5
Frigo,,Refrigerateur Nasco NASF2-258FL,,1,0,50,3
Frigo,,Refrigerateur Nasco NASF1-110FL,,1,0,50,1
Frigo,,Refrigerateur Nasco NASF2-110FL,,1,0,50,10
Frigo,,Refrigerateur Solstar 120L,,1,0,50,1
Frigo,,Refrigerateur Binatone FR-110 110L,,1,0,50,3
Frigo,,Refrigerateur Roch RFR-165DT-L 165L,,1,0,50,1
Frigo,,Refrigerateur Roch RFR-260DT-L,,1,0,50,1
Frigo,,Refrigerateur Hyundai HYNF-BCD160 160L ,,1,0,50,6
Boomer,,Boomer Amani M210,,1,0,50,8
Boomer,,Boomer barre de son Belko SL-S1,,1,0,50,15
Boomer,,Haut parleur LG XBOOM ON7 ,,1,0,50,9
Boomer,,Haut parleur Aiwa 140W X10TWS,,1,0,50,5
Boomer,,Haut parleur Aiwa 70W X5TWS,,1,0,50,4
Ventilateur,,Ventilateur Decakila 3 en 1 KEFC029B,,1,0,50,1
Ventilateur,,Ventilateur rechargeable Hepu HP-F02 16'',,1,0,50,22
Ventilateur,,Ventilateur rechargeable Syinix 16'',,1,0,50,3
Ventilateur,,Ventilateur rechargeable Syinix 18'',,1,0,50,3
Ventilateur,,Ventilateur rechargeable Hasmax KL-1578KR 18'',,1,0,50,4
Ventilateur,,Ventilateur rechargeable Itel IF-16-M001 16'',,1,0,50,6
Ventilateur,,Ventilateur rechargeable Qualitech YS-758 18'',,1,0,50,3
Ventilateur,,Ventilateur Binatone A-1810 18'',,1,0,50,1
Ventilateur,,Ventilateur rechargeable Smart STV-673 16'',,1,0,50,4
Ventilateur,,Ventilateur rechargeable VV 16'',,1,0,50,4
Ventilateur,,Ventilateur rechargeable Oscar 18'',,1,0,50,2
Ventilateur,,Ventilateur mural rechargeable Boreal BRWF-2018RC18 AC/DC 18'',,1,0,50,1
Ventilateur,,Ventilateur Binatone OBF-1650 16'',,1,0,50,2
Ventilateur,,Ventilateur Binatone A-1692 MK5 16'',,1,0,50,1
Ventilateur,,Ventilateur Binatone TS-2020 MK2 20'',,1,0,50,1
Ventilateur,,Ventilateur Binatone A-1612RC 16'',,1,0,50,1
Ventilateur,,Ventilateur Binatone VS-1656 16'',,1,0,50,3
Ventilateur,,Humidificateur Boreal BAC-2240-BLK,,1,0,50,2
Ventilateur,,Humidificateur Boreal BAC-2260-BLK,,1,0,50,1
Ventilateur,,Humidificateur Boreal BFA-024DC 10L,,1,0,50,3
Ventilateur,,Humidificateur Boreal BFA-016WB 16L,,1,0,50,2
Ventilateur,,Humidificateur Hasmax HM-1181,,1,0,50,2
Ventilateur,,Humidificateur Binatone BAC-201 20L,,1,0,50,4
Stockage ,,Disque SSD Lexar M2 NM620 256Go,,1,0,50,17
Stockage ,,Disque SSD Lexar M2 NM610 500Go,,1,0,50,10
Stockage ,,Disque SSD Lexar M2 NM620 512Go,,1,0,50,5
Stockage ,,Disque SSD Lexar M2 NM620 2To,,1,0,50,2
Stockage ,,Disque SSD Lexar SATA NS100 2To,,1,0,50,5
Stockage ,,Disque SSD Lexar SATA NS100 1To,,1,0,50,12
Stockage ,,Boitier de Disque SATA 2.5'',,1,0,50,90
Stockage ,,Boitier de Disque M2 ,,1,0,50,37
Stockage ,,Carte de capture video SDI,,1,0,50,5
Stockage ,,Carte de capture video HDMI 4K,,1,0,50,3
Stockage ,,Adaptateur USB-C 11 en 1,,1,0,50,11
Stockage ,,Adaptateur USB-C 8 en 1,,1,0,50,17
Stockage ,,Adaptateur USB-C Onten 13 en 1 ,,1,0,50,3
Stockage ,,Multiport USB type-C 4 en 1,,1,0,50,28
Stockage ,,Multiport USB type-A 4 en 1,,1,0,50,24
Stockage ,,Boitier de disque bureau 3.5'',,1,0,50,12
Stockage ,,Adaptateur de disque  SATA et IDE 3.5'' 3 en 1,,1,0,50,0
Stockage ,,Cable adaptateur de disque USB-C et USB-A  SATA ,,1,0,50,0
Stockage ,,Cable sonsole USB to RJ45 Jasoz D111,,1,0,50,5
Stockage ,,Chargeur universel 41W,,1,0,50,4